{
  "price_usd": 2351.93,
  "price_cny": 16036.15,
  "change_24h": 0.6864556234047852,
  "mcap": 283863107871.21594,
  "vol_24h": 16010552090.172915,
  "yesterday_close": 2351.93,
  "funding_rate": -0.002056,
  "oi_usd": 0,
  "oi_chg": 0,
  "liq_total": 0,
  "liq_long_pct": 50
}